--
-- PostgreSQL database dump
--

-- Dumped from database version 14.15 (Debian 14.15-1.pgdg120+1)
-- Dumped by pg_dump version 14.15 (Debian 14.15-1.pgdg120+1)

SET statement_timeout = 0;
SET lock_timeout = 0;
SET idle_in_transaction_session_timeout = 0;
SET client_encoding = 'UTF8';
SET standard_conforming_strings = on;
SELECT pg_catalog.set_config('search_path', '', false);
SET check_function_bodies = false;
SET xmloption = content;
SET client_min_messages = warning;
SET row_security = off;

SET default_tablespace = '';

SET default_table_access_method = heap;

--
-- Name: auth_group; Type: TABLE; Schema: public; Owner: db_admin
--

CREATE TABLE public.auth_group (
    id integer NOT NULL,
    name character varying(150) NOT NULL
);


ALTER TABLE public.auth_group OWNER TO db_admin;

--
-- Name: auth_group_id_seq; Type: SEQUENCE; Schema: public; Owner: db_admin
--

ALTER TABLE public.auth_group ALTER COLUMN id ADD GENERATED BY DEFAULT AS IDENTITY (
    SEQUENCE NAME public.auth_group_id_seq
    START WITH 1
    INCREMENT BY 1
    NO MINVALUE
    NO MAXVALUE
    CACHE 1
);


--
-- Name: auth_group_permissions; Type: TABLE; Schema: public; Owner: db_admin
--

CREATE TABLE public.auth_group_permissions (
    id bigint NOT NULL,
    group_id integer NOT NULL,
    permission_id integer NOT NULL
);


ALTER TABLE public.auth_group_permissions OWNER TO db_admin;

--
-- Name: auth_group_permissions_id_seq; Type: SEQUENCE; Schema: public; Owner: db_admin
--

ALTER TABLE public.auth_group_permissions ALTER COLUMN id ADD GENERATED BY DEFAULT AS IDENTITY (
    SEQUENCE NAME public.auth_group_permissions_id_seq
    START WITH 1
    INCREMENT BY 1
    NO MINVALUE
    NO MAXVALUE
    CACHE 1
);


--
-- Name: auth_permission; Type: TABLE; Schema: public; Owner: db_admin
--

CREATE TABLE public.auth_permission (
    id integer NOT NULL,
    name character varying(255) NOT NULL,
    content_type_id integer NOT NULL,
    codename character varying(100) NOT NULL
);


ALTER TABLE public.auth_permission OWNER TO db_admin;

--
-- Name: auth_permission_id_seq; Type: SEQUENCE; Schema: public; Owner: db_admin
--

ALTER TABLE public.auth_permission ALTER COLUMN id ADD GENERATED BY DEFAULT AS IDENTITY (
    SEQUENCE NAME public.auth_permission_id_seq
    START WITH 1
    INCREMENT BY 1
    NO MINVALUE
    NO MAXVALUE
    CACHE 1
);


--
-- Name: auth_user; Type: TABLE; Schema: public; Owner: db_admin
--

CREATE TABLE public.auth_user (
    id integer NOT NULL,
    password character varying(128) NOT NULL,
    last_login timestamp with time zone,
    is_superuser boolean NOT NULL,
    username character varying(150) NOT NULL,
    first_name character varying(150) NOT NULL,
    last_name character varying(150) NOT NULL,
    email character varying(254) NOT NULL,
    is_staff boolean NOT NULL,
    is_active boolean NOT NULL,
    date_joined timestamp with time zone NOT NULL
);


ALTER TABLE public.auth_user OWNER TO db_admin;

--
-- Name: auth_user_groups; Type: TABLE; Schema: public; Owner: db_admin
--

CREATE TABLE public.auth_user_groups (
    id bigint NOT NULL,
    user_id integer NOT NULL,
    group_id integer NOT NULL
);


ALTER TABLE public.auth_user_groups OWNER TO db_admin;

--
-- Name: auth_user_groups_id_seq; Type: SEQUENCE; Schema: public; Owner: db_admin
--

ALTER TABLE public.auth_user_groups ALTER COLUMN id ADD GENERATED BY DEFAULT AS IDENTITY (
    SEQUENCE NAME public.auth_user_groups_id_seq
    START WITH 1
    INCREMENT BY 1
    NO MINVALUE
    NO MAXVALUE
    CACHE 1
);


--
-- Name: auth_user_id_seq; Type: SEQUENCE; Schema: public; Owner: db_admin
--

ALTER TABLE public.auth_user ALTER COLUMN id ADD GENERATED BY DEFAULT AS IDENTITY (
    SEQUENCE NAME public.auth_user_id_seq
    START WITH 1
    INCREMENT BY 1
    NO MINVALUE
    NO MAXVALUE
    CACHE 1
);


--
-- Name: auth_user_user_permissions; Type: TABLE; Schema: public; Owner: db_admin
--

CREATE TABLE public.auth_user_user_permissions (
    id bigint NOT NULL,
    user_id integer NOT NULL,
    permission_id integer NOT NULL
);


ALTER TABLE public.auth_user_user_permissions OWNER TO db_admin;

--
-- Name: auth_user_user_permissions_id_seq; Type: SEQUENCE; Schema: public; Owner: db_admin
--

ALTER TABLE public.auth_user_user_permissions ALTER COLUMN id ADD GENERATED BY DEFAULT AS IDENTITY (
    SEQUENCE NAME public.auth_user_user_permissions_id_seq
    START WITH 1
    INCREMENT BY 1
    NO MINVALUE
    NO MAXVALUE
    CACHE 1
);


--
-- Name: cars_manager_brand; Type: TABLE; Schema: public; Owner: db_admin
--

CREATE TABLE public.cars_manager_brand (
    id bigint NOT NULL,
    name character varying(128) NOT NULL
);


ALTER TABLE public.cars_manager_brand OWNER TO db_admin;

--
-- Name: cars_manager_brand_id_seq; Type: SEQUENCE; Schema: public; Owner: db_admin
--

ALTER TABLE public.cars_manager_brand ALTER COLUMN id ADD GENERATED BY DEFAULT AS IDENTITY (
    SEQUENCE NAME public.cars_manager_brand_id_seq
    START WITH 1
    INCREMENT BY 1
    NO MINVALUE
    NO MAXVALUE
    CACHE 1
);


--
-- Name: cars_manager_car; Type: TABLE; Schema: public; Owner: db_admin
--

CREATE TABLE public.cars_manager_car (
    id bigint NOT NULL,
    model character varying(256) NOT NULL,
    year integer NOT NULL,
    description text,
    created_at timestamp with time zone NOT NULL,
    updated_at timestamp with time zone NOT NULL,
    make_id bigint NOT NULL,
    owner_id integer,
    CONSTRAINT cars_manager_car_year_b2598b7a_check CHECK ((year >= 0))
);


ALTER TABLE public.cars_manager_car OWNER TO db_admin;

--
-- Name: cars_manager_car_id_seq; Type: SEQUENCE; Schema: public; Owner: db_admin
--

ALTER TABLE public.cars_manager_car ALTER COLUMN id ADD GENERATED BY DEFAULT AS IDENTITY (
    SEQUENCE NAME public.cars_manager_car_id_seq
    START WITH 1
    INCREMENT BY 1
    NO MINVALUE
    NO MAXVALUE
    CACHE 1
);


--
-- Name: cars_manager_comment; Type: TABLE; Schema: public; Owner: db_admin
--

CREATE TABLE public.cars_manager_comment (
    id bigint NOT NULL,
    content text NOT NULL,
    created_at timestamp with time zone NOT NULL,
    author_id integer,
    car_id bigint NOT NULL,
    parent_id bigint
);


ALTER TABLE public.cars_manager_comment OWNER TO db_admin;

--
-- Name: cars_manager_comments_id_seq; Type: SEQUENCE; Schema: public; Owner: db_admin
--

ALTER TABLE public.cars_manager_comment ALTER COLUMN id ADD GENERATED BY DEFAULT AS IDENTITY (
    SEQUENCE NAME public.cars_manager_comments_id_seq
    START WITH 1
    INCREMENT BY 1
    NO MINVALUE
    NO MAXVALUE
    CACHE 1
);


--
-- Name: django_admin_log; Type: TABLE; Schema: public; Owner: db_admin
--

CREATE TABLE public.django_admin_log (
    id integer NOT NULL,
    action_time timestamp with time zone NOT NULL,
    object_id text,
    object_repr character varying(200) NOT NULL,
    action_flag smallint NOT NULL,
    change_message text NOT NULL,
    content_type_id integer,
    user_id integer NOT NULL,
    CONSTRAINT django_admin_log_action_flag_check CHECK ((action_flag >= 0))
);


ALTER TABLE public.django_admin_log OWNER TO db_admin;

--
-- Name: django_admin_log_id_seq; Type: SEQUENCE; Schema: public; Owner: db_admin
--

ALTER TABLE public.django_admin_log ALTER COLUMN id ADD GENERATED BY DEFAULT AS IDENTITY (
    SEQUENCE NAME public.django_admin_log_id_seq
    START WITH 1
    INCREMENT BY 1
    NO MINVALUE
    NO MAXVALUE
    CACHE 1
);


--
-- Name: django_content_type; Type: TABLE; Schema: public; Owner: db_admin
--

CREATE TABLE public.django_content_type (
    id integer NOT NULL,
    app_label character varying(100) NOT NULL,
    model character varying(100) NOT NULL
);


ALTER TABLE public.django_content_type OWNER TO db_admin;

--
-- Name: django_content_type_id_seq; Type: SEQUENCE; Schema: public; Owner: db_admin
--

ALTER TABLE public.django_content_type ALTER COLUMN id ADD GENERATED BY DEFAULT AS IDENTITY (
    SEQUENCE NAME public.django_content_type_id_seq
    START WITH 1
    INCREMENT BY 1
    NO MINVALUE
    NO MAXVALUE
    CACHE 1
);


--
-- Name: django_migrations; Type: TABLE; Schema: public; Owner: db_admin
--

CREATE TABLE public.django_migrations (
    id bigint NOT NULL,
    app character varying(255) NOT NULL,
    name character varying(255) NOT NULL,
    applied timestamp with time zone NOT NULL
);


ALTER TABLE public.django_migrations OWNER TO db_admin;

--
-- Name: django_migrations_id_seq; Type: SEQUENCE; Schema: public; Owner: db_admin
--

ALTER TABLE public.django_migrations ALTER COLUMN id ADD GENERATED BY DEFAULT AS IDENTITY (
    SEQUENCE NAME public.django_migrations_id_seq
    START WITH 1
    INCREMENT BY 1
    NO MINVALUE
    NO MAXVALUE
    CACHE 1
);


--
-- Name: django_session; Type: TABLE; Schema: public; Owner: db_admin
--

CREATE TABLE public.django_session (
    session_key character varying(40) NOT NULL,
    session_data text NOT NULL,
    expire_date timestamp with time zone NOT NULL
);


ALTER TABLE public.django_session OWNER TO db_admin;

--
-- Data for Name: auth_group; Type: TABLE DATA; Schema: public; Owner: db_admin
--

COPY public.auth_group (id, name) FROM stdin;
1	default_user
\.


--
-- Data for Name: auth_group_permissions; Type: TABLE DATA; Schema: public; Owner: db_admin
--

COPY public.auth_group_permissions (id, group_id, permission_id) FROM stdin;
1	1	32
2	1	33
3	1	34
4	1	35
5	1	36
6	1	29
7	1	30
8	1	31
\.


--
-- Data for Name: auth_permission; Type: TABLE DATA; Schema: public; Owner: db_admin
--

COPY public.auth_permission (id, name, content_type_id, codename) FROM stdin;
1	Can add log entry	1	add_logentry
2	Can change log entry	1	change_logentry
3	Can delete log entry	1	delete_logentry
4	Can view log entry	1	view_logentry
5	Can add permission	2	add_permission
6	Can change permission	2	change_permission
7	Can delete permission	2	delete_permission
8	Can view permission	2	view_permission
9	Can add group	3	add_group
10	Can change group	3	change_group
11	Can delete group	3	delete_group
12	Can view group	3	view_group
13	Can add user	4	add_user
14	Can change user	4	change_user
15	Can delete user	4	delete_user
16	Can view user	4	view_user
17	Can add content type	5	add_contenttype
18	Can change content type	5	change_contenttype
19	Can delete content type	5	delete_contenttype
20	Can view content type	5	view_contenttype
21	Can add session	6	add_session
22	Can change session	6	change_session
23	Can delete session	6	delete_session
24	Can view session	6	view_session
25	Can add Марка	7	add_brand
26	Can change Марка	7	change_brand
27	Can delete Марка	7	delete_brand
28	Can view Марка	7	view_brand
29	Can add Автомобиль	8	add_car
30	Can change Автомобиль	8	change_car
31	Can delete Автомобиль	8	delete_car
32	Can view Автомобиль	8	view_car
33	Can add Комментарий	9	add_comment
34	Can change Комментарий	9	change_comment
35	Can delete Комментарий	9	delete_comment
36	Can view Комментарий	9	view_comment
\.


--
-- Data for Name: auth_user; Type: TABLE DATA; Schema: public; Owner: db_admin
--

COPY public.auth_user (id, password, last_login, is_superuser, username, first_name, last_name, email, is_staff, is_active, date_joined) FROM stdin;
1	pbkdf2_sha256$720000$CMut7a16cj7lvGJ0E1J1xg$++MKopTaxbRYI2TkuBc0xgAtO/8v2QzOgWvWDmYBB+c=	2025-01-05 16:22:14+00	t	admin	Павел	Ходалицкий		t	t	2025-01-05 16:21:52+00
2	pbkdf2_sha256$720000$qQxweQQJBoRlD0tvwqVIEW$ptYYRrZ8BUvdRdBBggJb+YqtBwkGXyy6VP8E7U8hHu4=	2025-01-06 02:26:16.508166+00	f	default	Иван	Иванов		f	t	2025-01-05 16:21:53+00
\.


--
-- Data for Name: auth_user_groups; Type: TABLE DATA; Schema: public; Owner: db_admin
--

COPY public.auth_user_groups (id, user_id, group_id) FROM stdin;
1	1	1
2	2	1
\.


--
-- Data for Name: auth_user_user_permissions; Type: TABLE DATA; Schema: public; Owner: db_admin
--

COPY public.auth_user_user_permissions (id, user_id, permission_id) FROM stdin;
\.


--
-- Data for Name: cars_manager_brand; Type: TABLE DATA; Schema: public; Owner: db_admin
--

COPY public.cars_manager_brand (id, name) FROM stdin;
1	Toyota
2	Ford
3	Honda
\.


--
-- Data for Name: cars_manager_car; Type: TABLE DATA; Schema: public; Owner: db_admin
--

COPY public.cars_manager_car (id, model, year, description, created_at, updated_at, make_id, owner_id) FROM stdin;
1	Camry	2021	Компактный седан с отличной экономией топлива и современными технологиями безопасности.	2025-01-05 16:21:53.376113+00	2025-01-05 16:21:53.37614+00	1	2
2	Mustang	2015	Спортивный автомобиль с мощным двигателем и агрессивным дизайном.	2025-01-05 16:21:53.377133+00	2025-01-05 16:21:53.377161+00	2	2
3	Civic	2020	Надежный и экономичный седан, идеален для городской эксплуатации.	2025-01-05 16:21:53.377703+00	2025-01-05 16:21:53.377724+00	3	1
\.


--
-- Data for Name: cars_manager_comment; Type: TABLE DATA; Schema: public; Owner: db_admin
--

COPY public.cars_manager_comment (id, content, created_at, author_id, car_id, parent_id) FROM stdin;
1	Норм выглядит!	2025-01-06 02:13:00.053102+00	1	2	\N
2	Согласен	2025-01-06 02:13:07.948916+00	1	2	1
3	Крутая тачка!	2025-01-06 02:13:27.146903+00	1	3	\N
4	Спасибо!	2025-01-06 02:13:33.789194+00	1	3	3
5	Ну да, ну да...	2025-01-06 02:26:37.908749+00	2	3	3
\.


--
-- Data for Name: django_admin_log; Type: TABLE DATA; Schema: public; Owner: db_admin
--

COPY public.django_admin_log (id, action_time, object_id, object_repr, action_flag, change_message, content_type_id, user_id) FROM stdin;
1	2025-01-06 02:12:04.555099+00	1	default_user	2	[{"changed": {"fields": ["Permissions"]}}]	3	1
2	2025-01-06 02:12:22.615363+00	1	admin	2	[]	4	1
3	2025-01-06 02:12:26.755003+00	2	default	2	[]	4	1
\.


--
-- Data for Name: django_content_type; Type: TABLE DATA; Schema: public; Owner: db_admin
--

COPY public.django_content_type (id, app_label, model) FROM stdin;
1	admin	logentry
2	auth	permission
3	auth	group
4	auth	user
5	contenttypes	contenttype
6	sessions	session
7	cars_manager	brand
8	cars_manager	car
9	cars_manager	comment
\.


--
-- Data for Name: django_migrations; Type: TABLE DATA; Schema: public; Owner: db_admin
--

COPY public.django_migrations (id, app, name, applied) FROM stdin;
1	contenttypes	0001_initial	2025-01-05 16:21:52.413109+00
2	auth	0001_initial	2025-01-05 16:21:52.491722+00
3	admin	0001_initial	2025-01-05 16:21:52.512074+00
4	admin	0002_logentry_remove_auto_add	2025-01-05 16:21:52.517704+00
5	admin	0003_logentry_add_action_flag_choices	2025-01-05 16:21:52.526341+00
6	contenttypes	0002_remove_content_type_name	2025-01-05 16:21:52.54042+00
7	auth	0002_alter_permission_name_max_length	2025-01-05 16:21:52.549111+00
8	auth	0003_alter_user_email_max_length	2025-01-05 16:21:52.558098+00
9	auth	0004_alter_user_username_opts	2025-01-05 16:21:52.563752+00
10	auth	0005_alter_user_last_login_null	2025-01-05 16:21:52.572438+00
11	auth	0006_require_contenttypes_0002	2025-01-05 16:21:52.574204+00
12	auth	0007_alter_validators_add_error_messages	2025-01-05 16:21:52.581137+00
13	auth	0008_alter_user_username_max_length	2025-01-05 16:21:52.592413+00
14	auth	0009_alter_user_last_name_max_length	2025-01-05 16:21:52.599521+00
15	auth	0010_alter_group_name_max_length	2025-01-05 16:21:52.610536+00
16	auth	0011_update_proxy_permissions	2025-01-05 16:21:52.61737+00
17	auth	0012_alter_user_first_name_max_length	2025-01-05 16:21:52.628953+00
18	cars_manager	0001_initial	2025-01-05 16:21:52.680385+00
19	cars_manager	0002_alter_brand_options_alter_car_options_and_more	2025-01-05 16:21:52.701897+00
20	cars_manager	0003_alter_car_options_alter_comments_options_and_more	2025-01-05 16:21:52.737929+00
21	cars_manager	0004_alter_comments_car	2025-01-05 16:21:52.746243+00
22	cars_manager	0005_rename_uploaded_at_car_updated_at	2025-01-05 16:21:52.755697+00
23	cars_manager	0006_rename_comments_comment_and_more	2025-01-05 16:21:52.793477+00
24	cars_manager	0007_test_data	2025-01-05 16:21:53.378177+00
25	sessions	0001_initial	2025-01-05 16:21:53.407416+00
\.


--
-- Data for Name: django_session; Type: TABLE DATA; Schema: public; Owner: db_admin
--

COPY public.django_session (session_key, session_data, expire_date) FROM stdin;
ol72livip8cx8nzm006tg9e4zmioea3q	.eJxVjEEOwiAQRe_C2pAytFBcuvcMZDozSNVAUtqV8e7apAvd_vfef6mI25rj1mSJM6uzAnX63Sakh5Qd8B3LrWqqZV3mSe-KPmjT18ryvBzu30HGlr_12AfEsSMGjwa5Z07EPgiGgYMnCC4ZBjAdeccwSUJLznhrWZzgkNT7AwkAOPc:1tUcoq:HZcJcc3AFTSfhED_OeIy3ika4QLs6KDYJXPoKs4PUog	2025-01-20 02:26:16.511703+00
\.


--
-- Name: auth_group_id_seq; Type: SEQUENCE SET; Schema: public; Owner: db_admin
--

SELECT pg_catalog.setval('public.auth_group_id_seq', 1, true);


--
-- Name: auth_group_permissions_id_seq; Type: SEQUENCE SET; Schema: public; Owner: db_admin
--

SELECT pg_catalog.setval('public.auth_group_permissions_id_seq', 8, true);


--
-- Name: auth_permission_id_seq; Type: SEQUENCE SET; Schema: public; Owner: db_admin
--

SELECT pg_catalog.setval('public.auth_permission_id_seq', 36, true);


--
-- Name: auth_user_groups_id_seq; Type: SEQUENCE SET; Schema: public; Owner: db_admin
--

SELECT pg_catalog.setval('public.auth_user_groups_id_seq', 2, true);


--
-- Name: auth_user_id_seq; Type: SEQUENCE SET; Schema: public; Owner: db_admin
--

SELECT pg_catalog.setval('public.auth_user_id_seq', 2, true);


--
-- Name: auth_user_user_permissions_id_seq; Type: SEQUENCE SET; Schema: public; Owner: db_admin
--

SELECT pg_catalog.setval('public.auth_user_user_permissions_id_seq', 1, false);


--
-- Name: cars_manager_brand_id_seq; Type: SEQUENCE SET; Schema: public; Owner: db_admin
--

SELECT pg_catalog.setval('public.cars_manager_brand_id_seq', 3, true);


--
-- Name: cars_manager_car_id_seq; Type: SEQUENCE SET; Schema: public; Owner: db_admin
--

SELECT pg_catalog.setval('public.cars_manager_car_id_seq', 3, true);


--
-- Name: cars_manager_comments_id_seq; Type: SEQUENCE SET; Schema: public; Owner: db_admin
--

SELECT pg_catalog.setval('public.cars_manager_comments_id_seq', 5, true);


--
-- Name: django_admin_log_id_seq; Type: SEQUENCE SET; Schema: public; Owner: db_admin
--

SELECT pg_catalog.setval('public.django_admin_log_id_seq', 3, true);


--
-- Name: django_content_type_id_seq; Type: SEQUENCE SET; Schema: public; Owner: db_admin
--

SELECT pg_catalog.setval('public.django_content_type_id_seq', 9, true);


--
-- Name: django_migrations_id_seq; Type: SEQUENCE SET; Schema: public; Owner: db_admin
--

SELECT pg_catalog.setval('public.django_migrations_id_seq', 25, true);


--
-- Name: auth_group auth_group_name_key; Type: CONSTRAINT; Schema: public; Owner: db_admin
--

ALTER TABLE ONLY public.auth_group
    ADD CONSTRAINT auth_group_name_key UNIQUE (name);


--
-- Name: auth_group_permissions auth_group_permissions_group_id_permission_id_0cd325b0_uniq; Type: CONSTRAINT; Schema: public; Owner: db_admin
--

ALTER TABLE ONLY public.auth_group_permissions
    ADD CONSTRAINT auth_group_permissions_group_id_permission_id_0cd325b0_uniq UNIQUE (group_id, permission_id);


--
-- Name: auth_group_permissions auth_group_permissions_pkey; Type: CONSTRAINT; Schema: public; Owner: db_admin
--

ALTER TABLE ONLY public.auth_group_permissions
    ADD CONSTRAINT auth_group_permissions_pkey PRIMARY KEY (id);


--
-- Name: auth_group auth_group_pkey; Type: CONSTRAINT; Schema: public; Owner: db_admin
--

ALTER TABLE ONLY public.auth_group
    ADD CONSTRAINT auth_group_pkey PRIMARY KEY (id);


--
-- Name: auth_permission auth_permission_content_type_id_codename_01ab375a_uniq; Type: CONSTRAINT; Schema: public; Owner: db_admin
--

ALTER TABLE ONLY public.auth_permission
    ADD CONSTRAINT auth_permission_content_type_id_codename_01ab375a_uniq UNIQUE (content_type_id, codename);


--
-- Name: auth_permission auth_permission_pkey; Type: CONSTRAINT; Schema: public; Owner: db_admin
--

ALTER TABLE ONLY public.auth_permission
    ADD CONSTRAINT auth_permission_pkey PRIMARY KEY (id);


--
-- Name: auth_user_groups auth_user_groups_pkey; Type: CONSTRAINT; Schema: public; Owner: db_admin
--

ALTER TABLE ONLY public.auth_user_groups
    ADD CONSTRAINT auth_user_groups_pkey PRIMARY KEY (id);


--
-- Name: auth_user_groups auth_user_groups_user_id_group_id_94350c0c_uniq; Type: CONSTRAINT; Schema: public; Owner: db_admin
--

ALTER TABLE ONLY public.auth_user_groups
    ADD CONSTRAINT auth_user_groups_user_id_group_id_94350c0c_uniq UNIQUE (user_id, group_id);


--
-- Name: auth_user auth_user_pkey; Type: CONSTRAINT; Schema: public; Owner: db_admin
--

ALTER TABLE ONLY public.auth_user
    ADD CONSTRAINT auth_user_pkey PRIMARY KEY (id);


--
-- Name: auth_user_user_permissions auth_user_user_permissions_pkey; Type: CONSTRAINT; Schema: public; Owner: db_admin
--

ALTER TABLE ONLY public.auth_user_user_permissions
    ADD CONSTRAINT auth_user_user_permissions_pkey PRIMARY KEY (id);


--
-- Name: auth_user_user_permissions auth_user_user_permissions_user_id_permission_id_14a6b632_uniq; Type: CONSTRAINT; Schema: public; Owner: db_admin
--

ALTER TABLE ONLY public.auth_user_user_permissions
    ADD CONSTRAINT auth_user_user_permissions_user_id_permission_id_14a6b632_uniq UNIQUE (user_id, permission_id);


--
-- Name: auth_user auth_user_username_key; Type: CONSTRAINT; Schema: public; Owner: db_admin
--

ALTER TABLE ONLY public.auth_user
    ADD CONSTRAINT auth_user_username_key UNIQUE (username);


--
-- Name: cars_manager_brand cars_manager_brand_pkey; Type: CONSTRAINT; Schema: public; Owner: db_admin
--

ALTER TABLE ONLY public.cars_manager_brand
    ADD CONSTRAINT cars_manager_brand_pkey PRIMARY KEY (id);


--
-- Name: cars_manager_car cars_manager_car_pkey; Type: CONSTRAINT; Schema: public; Owner: db_admin
--

ALTER TABLE ONLY public.cars_manager_car
    ADD CONSTRAINT cars_manager_car_pkey PRIMARY KEY (id);


--
-- Name: cars_manager_comment cars_manager_comments_pkey; Type: CONSTRAINT; Schema: public; Owner: db_admin
--

ALTER TABLE ONLY public.cars_manager_comment
    ADD CONSTRAINT cars_manager_comments_pkey PRIMARY KEY (id);


--
-- Name: django_admin_log django_admin_log_pkey; Type: CONSTRAINT; Schema: public; Owner: db_admin
--

ALTER TABLE ONLY public.django_admin_log
    ADD CONSTRAINT django_admin_log_pkey PRIMARY KEY (id);


--
-- Name: django_content_type django_content_type_app_label_model_76bd3d3b_uniq; Type: CONSTRAINT; Schema: public; Owner: db_admin
--

ALTER TABLE ONLY public.django_content_type
    ADD CONSTRAINT django_content_type_app_label_model_76bd3d3b_uniq UNIQUE (app_label, model);


--
-- Name: django_content_type django_content_type_pkey; Type: CONSTRAINT; Schema: public; Owner: db_admin
--

ALTER TABLE ONLY public.django_content_type
    ADD CONSTRAINT django_content_type_pkey PRIMARY KEY (id);


--
-- Name: django_migrations django_migrations_pkey; Type: CONSTRAINT; Schema: public; Owner: db_admin
--

ALTER TABLE ONLY public.django_migrations
    ADD CONSTRAINT django_migrations_pkey PRIMARY KEY (id);


--
-- Name: django_session django_session_pkey; Type: CONSTRAINT; Schema: public; Owner: db_admin
--

ALTER TABLE ONLY public.django_session
    ADD CONSTRAINT django_session_pkey PRIMARY KEY (session_key);


--
-- Name: auth_group_name_a6ea08ec_like; Type: INDEX; Schema: public; Owner: db_admin
--

CREATE INDEX auth_group_name_a6ea08ec_like ON public.auth_group USING btree (name varchar_pattern_ops);


--
-- Name: auth_group_permissions_group_id_b120cbf9; Type: INDEX; Schema: public; Owner: db_admin
--

CREATE INDEX auth_group_permissions_group_id_b120cbf9 ON public.auth_group_permissions USING btree (group_id);


--
-- Name: auth_group_permissions_permission_id_84c5c92e; Type: INDEX; Schema: public; Owner: db_admin
--

CREATE INDEX auth_group_permissions_permission_id_84c5c92e ON public.auth_group_permissions USING btree (permission_id);


--
-- Name: auth_permission_content_type_id_2f476e4b; Type: INDEX; Schema: public; Owner: db_admin
--

CREATE INDEX auth_permission_content_type_id_2f476e4b ON public.auth_permission USING btree (content_type_id);


--
-- Name: auth_user_groups_group_id_97559544; Type: INDEX; Schema: public; Owner: db_admin
--

CREATE INDEX auth_user_groups_group_id_97559544 ON public.auth_user_groups USING btree (group_id);


--
-- Name: auth_user_groups_user_id_6a12ed8b; Type: INDEX; Schema: public; Owner: db_admin
--

CREATE INDEX auth_user_groups_user_id_6a12ed8b ON public.auth_user_groups USING btree (user_id);


--
-- Name: auth_user_user_permissions_permission_id_1fbb5f2c; Type: INDEX; Schema: public; Owner: db_admin
--

CREATE INDEX auth_user_user_permissions_permission_id_1fbb5f2c ON public.auth_user_user_permissions USING btree (permission_id);


--
-- Name: auth_user_user_permissions_user_id_a95ead1b; Type: INDEX; Schema: public; Owner: db_admin
--

CREATE INDEX auth_user_user_permissions_user_id_a95ead1b ON public.auth_user_user_permissions USING btree (user_id);


--
-- Name: auth_user_username_6821ab7c_like; Type: INDEX; Schema: public; Owner: db_admin
--

CREATE INDEX auth_user_username_6821ab7c_like ON public.auth_user USING btree (username varchar_pattern_ops);


--
-- Name: cars_manage_created_e55b35_idx; Type: INDEX; Schema: public; Owner: db_admin
--

CREATE INDEX cars_manage_created_e55b35_idx ON public.cars_manager_car USING btree (created_at DESC);


--
-- Name: cars_manage_created_fbacfb_idx; Type: INDEX; Schema: public; Owner: db_admin
--

CREATE INDEX cars_manage_created_fbacfb_idx ON public.cars_manager_comment USING btree (created_at DESC);


--
-- Name: cars_manager_car_make_id_44582478; Type: INDEX; Schema: public; Owner: db_admin
--

CREATE INDEX cars_manager_car_make_id_44582478 ON public.cars_manager_car USING btree (make_id);


--
-- Name: cars_manager_car_owner_id_ade38a1b; Type: INDEX; Schema: public; Owner: db_admin
--

CREATE INDEX cars_manager_car_owner_id_ade38a1b ON public.cars_manager_car USING btree (owner_id);


--
-- Name: cars_manager_comments_author_id_1014ee8e; Type: INDEX; Schema: public; Owner: db_admin
--

CREATE INDEX cars_manager_comments_author_id_1014ee8e ON public.cars_manager_comment USING btree (author_id);


--
-- Name: cars_manager_comments_car_id_7a984b18; Type: INDEX; Schema: public; Owner: db_admin
--

CREATE INDEX cars_manager_comments_car_id_7a984b18 ON public.cars_manager_comment USING btree (car_id);


--
-- Name: cars_manager_comments_parent_id_3b411cc7; Type: INDEX; Schema: public; Owner: db_admin
--

CREATE INDEX cars_manager_comments_parent_id_3b411cc7 ON public.cars_manager_comment USING btree (parent_id);


--
-- Name: django_admin_log_content_type_id_c4bce8eb; Type: INDEX; Schema: public; Owner: db_admin
--

CREATE INDEX django_admin_log_content_type_id_c4bce8eb ON public.django_admin_log USING btree (content_type_id);


--
-- Name: django_admin_log_user_id_c564eba6; Type: INDEX; Schema: public; Owner: db_admin
--

CREATE INDEX django_admin_log_user_id_c564eba6 ON public.django_admin_log USING btree (user_id);


--
-- Name: django_session_expire_date_a5c62663; Type: INDEX; Schema: public; Owner: db_admin
--

CREATE INDEX django_session_expire_date_a5c62663 ON public.django_session USING btree (expire_date);


--
-- Name: django_session_session_key_c0390e0f_like; Type: INDEX; Schema: public; Owner: db_admin
--

CREATE INDEX django_session_session_key_c0390e0f_like ON public.django_session USING btree (session_key varchar_pattern_ops);


--
-- Name: auth_group_permissions auth_group_permissio_permission_id_84c5c92e_fk_auth_perm; Type: FK CONSTRAINT; Schema: public; Owner: db_admin
--

ALTER TABLE ONLY public.auth_group_permissions
    ADD CONSTRAINT auth_group_permissio_permission_id_84c5c92e_fk_auth_perm FOREIGN KEY (permission_id) REFERENCES public.auth_permission(id) DEFERRABLE INITIALLY DEFERRED;


--
-- Name: auth_group_permissions auth_group_permissions_group_id_b120cbf9_fk_auth_group_id; Type: FK CONSTRAINT; Schema: public; Owner: db_admin
--

ALTER TABLE ONLY public.auth_group_permissions
    ADD CONSTRAINT auth_group_permissions_group_id_b120cbf9_fk_auth_group_id FOREIGN KEY (group_id) REFERENCES public.auth_group(id) DEFERRABLE INITIALLY DEFERRED;


--
-- Name: auth_permission auth_permission_content_type_id_2f476e4b_fk_django_co; Type: FK CONSTRAINT; Schema: public; Owner: db_admin
--

ALTER TABLE ONLY public.auth_permission
    ADD CONSTRAINT auth_permission_content_type_id_2f476e4b_fk_django_co FOREIGN KEY (content_type_id) REFERENCES public.django_content_type(id) DEFERRABLE INITIALLY DEFERRED;


--
-- Name: auth_user_groups auth_user_groups_group_id_97559544_fk_auth_group_id; Type: FK CONSTRAINT; Schema: public; Owner: db_admin
--

ALTER TABLE ONLY public.auth_user_groups
    ADD CONSTRAINT auth_user_groups_group_id_97559544_fk_auth_group_id FOREIGN KEY (group_id) REFERENCES public.auth_group(id) DEFERRABLE INITIALLY DEFERRED;


--
-- Name: auth_user_groups auth_user_groups_user_id_6a12ed8b_fk_auth_user_id; Type: FK CONSTRAINT; Schema: public; Owner: db_admin
--

ALTER TABLE ONLY public.auth_user_groups
    ADD CONSTRAINT auth_user_groups_user_id_6a12ed8b_fk_auth_user_id FOREIGN KEY (user_id) REFERENCES public.auth_user(id) DEFERRABLE INITIALLY DEFERRED;


--
-- Name: auth_user_user_permissions auth_user_user_permi_permission_id_1fbb5f2c_fk_auth_perm; Type: FK CONSTRAINT; Schema: public; Owner: db_admin
--

ALTER TABLE ONLY public.auth_user_user_permissions
    ADD CONSTRAINT auth_user_user_permi_permission_id_1fbb5f2c_fk_auth_perm FOREIGN KEY (permission_id) REFERENCES public.auth_permission(id) DEFERRABLE INITIALLY DEFERRED;


--
-- Name: auth_user_user_permissions auth_user_user_permissions_user_id_a95ead1b_fk_auth_user_id; Type: FK CONSTRAINT; Schema: public; Owner: db_admin
--

ALTER TABLE ONLY public.auth_user_user_permissions
    ADD CONSTRAINT auth_user_user_permissions_user_id_a95ead1b_fk_auth_user_id FOREIGN KEY (user_id) REFERENCES public.auth_user(id) DEFERRABLE INITIALLY DEFERRED;


--
-- Name: cars_manager_car cars_manager_car_make_id_44582478_fk_cars_manager_brand_id; Type: FK CONSTRAINT; Schema: public; Owner: db_admin
--

ALTER TABLE ONLY public.cars_manager_car
    ADD CONSTRAINT cars_manager_car_make_id_44582478_fk_cars_manager_brand_id FOREIGN KEY (make_id) REFERENCES public.cars_manager_brand(id) DEFERRABLE INITIALLY DEFERRED;


--
-- Name: cars_manager_car cars_manager_car_owner_id_ade38a1b_fk_auth_user_id; Type: FK CONSTRAINT; Schema: public; Owner: db_admin
--

ALTER TABLE ONLY public.cars_manager_car
    ADD CONSTRAINT cars_manager_car_owner_id_ade38a1b_fk_auth_user_id FOREIGN KEY (owner_id) REFERENCES public.auth_user(id) DEFERRABLE INITIALLY DEFERRED;


--
-- Name: cars_manager_comment cars_manager_comment_parent_id_0ddb7238_fk_cars_mana; Type: FK CONSTRAINT; Schema: public; Owner: db_admin
--

ALTER TABLE ONLY public.cars_manager_comment
    ADD CONSTRAINT cars_manager_comment_parent_id_0ddb7238_fk_cars_mana FOREIGN KEY (parent_id) REFERENCES public.cars_manager_comment(id) DEFERRABLE INITIALLY DEFERRED;


--
-- Name: cars_manager_comment cars_manager_comments_author_id_1014ee8e_fk_auth_user_id; Type: FK CONSTRAINT; Schema: public; Owner: db_admin
--

ALTER TABLE ONLY public.cars_manager_comment
    ADD CONSTRAINT cars_manager_comments_author_id_1014ee8e_fk_auth_user_id FOREIGN KEY (author_id) REFERENCES public.auth_user(id) DEFERRABLE INITIALLY DEFERRED;


--
-- Name: cars_manager_comment cars_manager_comments_car_id_7a984b18_fk_cars_manager_car_id; Type: FK CONSTRAINT; Schema: public; Owner: db_admin
--

ALTER TABLE ONLY public.cars_manager_comment
    ADD CONSTRAINT cars_manager_comments_car_id_7a984b18_fk_cars_manager_car_id FOREIGN KEY (car_id) REFERENCES public.cars_manager_car(id) DEFERRABLE INITIALLY DEFERRED;


--
-- Name: django_admin_log django_admin_log_content_type_id_c4bce8eb_fk_django_co; Type: FK CONSTRAINT; Schema: public; Owner: db_admin
--

ALTER TABLE ONLY public.django_admin_log
    ADD CONSTRAINT django_admin_log_content_type_id_c4bce8eb_fk_django_co FOREIGN KEY (content_type_id) REFERENCES public.django_content_type(id) DEFERRABLE INITIALLY DEFERRED;


--
-- Name: django_admin_log django_admin_log_user_id_c564eba6_fk_auth_user_id; Type: FK CONSTRAINT; Schema: public; Owner: db_admin
--

ALTER TABLE ONLY public.django_admin_log
    ADD CONSTRAINT django_admin_log_user_id_c564eba6_fk_auth_user_id FOREIGN KEY (user_id) REFERENCES public.auth_user(id) DEFERRABLE INITIALLY DEFERRED;


--
-- PostgreSQL database dump complete
--

